﻿"country","legatumRank2020","legatumRank2019","ceoworldRank"
"Denmark","1","2","3"
"Norway","2","1","15"
"Switzerland","3","3","18"
"Sweden","4","4","28"
"Finland","5","5","12"
"Netherlands","6","6","11"
"New Zealand","7","7","16"
"Germany","8","8","17"
"Luxembourg","9","9",""
"Austria","10","12","4"
"Iceland","11","14","41"
"Ireland","12","11","80"
"United Kingdom","13","10","10"
"Canada","14","13","23"
"Singapore","15","16","24"
"Australia","16","17","6"
"Hong Kong","17","15","36"
"United States","18","18","30"
"Japan","19","19","5"
"Taiwan","20","22","2"
"Estonia","21","21","32"
"France","22","20","7"
"Belgium","23","23","9"
"Spain","24","25","8"
"Malta","25","24",""
"Slovenia","26","27","47"
"Portugal","27","26","22"
"South Korea","28","29","1"
"Israel","30","31","21"
"Italy","31","30","37"
"Latvia","32","32","48"
"Cyprus","33","33","76"
"Lithuania","34","34","31"
"Slovakia","35","35","54"
"Poland","36","36","51"
"Chile","37","37","44"
"Costa Rica","38","38","50"
"Uruguay","39","39","39"
"Malaysia","40","42","34"
"Greece","41","41","26"
"United Arab Emirates","42","40","20"
"Croatia","43","43","42"
"Mauritius","44","45",""
"Qatar","45","44","33"
"Hungary","46","46","49"
"Romania","47","47","69"
"Bulgaria","48","49","67"
"Panama","49","48","56"
"Montenegro","50","51",""
"Seychelles","51","50",""
"Serbia","52","52","77"
"Georgia","53","53","79"
"China","54","54","46"
"Armenia","55","63",""
"Bahrain","56","58",""
"Indonesia","57","61","52"
"Kuwait","58","60","71"
"North Macedonia","59","55",""
"Trinidad and Tobago","60","59",""
"Peru","61","57","62"
"Kazakhstan","62","66","82"
"Argentina","63","56","27"
"Thailand","64","65","13"
"Jamaica","65","67",""
"Oman","66","62",""
"Albania","67","64","74"
"Mexico","68","68","29"
"Belarus","69","70","57"
"Brazil","70","69","63"
"Saudi Arabia","71","72","55"
"Dominican Republic","72","76","72"
"Vietnam","73","81","66"
"Colombia","74","71","35"
"Russia","76","75","58"
"Bosnia and Herzegovina","77","73",""
"Azerbaijan","78","91","86"
"Paraguay","79","78",""
"Moldova","80","83",""
"Suriname","81","79",""
"Botswana","82","80",""
"Philippines","83","82","38"
"Sri Lanka","84","77","40"
"Mongolia","85","88",""
"Jordan","86","86","43"
"South Africa","87","84","53"
"Namibia","88","87",""
"Ecuador","89","85","25"
"Kyrgyzstan","90","89",""
"Guyana","91","90",""
"Ukraine","92","96","81"
"El Salvador","93","100",""
"Turkey","94","92","65"
"Belize","95","93",""
"Morocco","96","94","83"
"Uzbekistan","97","102",""
"Tunisia","99","95","59"
"Ghana","100","97",""
"India","101","98","19"
"Guatemala","102","99",""
"Cuba","103","105",""
"Rwanda","104","103",""
"Lebanon","105","104","45"
"Bolivia","106","106",""
"Honduras","107","107",""
"Algeria","108","108","68"
"Turkmenistan","109","113",""
"Senegal","110","111",""
"Nicaragua","111","109",""
"Tajikistan","112","110",""
"Kenya","113","112","70"
"Nepal","114","114","61"
"Laos","115","115",""
"Gambia","116","117",""
"Tanzania","117","121",""
"Cambodia","118","120",""
"Djibouti","119","122",""
"Iran","120","119","78"
"Egypt","121","124","84"
"Gabon","122","116",""
"Zambia","123","118",""
"Ivory Coast","124","129",""
"Bangladesh","125","123","85"
"Benin","126","128",""
"Myanmar","127","127",""
"Comoros","128","125",""
"Papua New Guinea","129","126",""
"Lesotho","130","130",""
"Equatorial Guinea","131","132",""
"Malawi","132","131",""
"Uganda","133","134",""
"Eswatini","134","133",""
"Burkina Faso","135","135",""
"Madagascar","136","138",""
"Iraq","137","136","87"
"Pakistan","138","139","88"
"Guinea","139","143",""
"Togo","140","140",""
"Liberia","141","137",""
"Mozambique","142","142",""
"Zimbabwe","143","141",""
"Nigeria","144","146","73"
"Sierra Leone","145","144",""
"Venezuela","146","145","89"
"Guinea-Bissau","147","147",""
"Mali","148","150",""
"Libya","149","148",""
"Ethiopia","150","149",""
"Cameroon","151","152",""
"Republic of the Congo","152","153",""
"Niger","153","151",""
"Mauritania","154","156",""
"Haiti","155","154",""
"Angola","156","155",""
"Burundi","157","158",""
"Syria","158","157",""
"Eritrea","160","160",""
"DR Congo","161","162",""
"Afghanistan","162","163",""
"Somalia","163","161",""
"Chad","164","164",""
"Yemen","165","166",""
"Central African Republic","166","165",""
"South Sudan","167","167",""