﻿country,percPoverty
Equatorial Guinea,76.8
South Sudan,76.4
Madagascar,70.7
Guinea-Bissau,69.3
Eritrea,69
Sao Tome and Principe,66.7
Burundi,64.9
DR Congo,63.9
Central African Republic,62
Guatemala,59.3
Eswatini,58.9
Haiti,58.5
Sierra Leone,56.8
South Africa,55.5
Togo,55.1
Afghanistan,54.5
Zambia,54.4
Malawi,51.5
Liberia,50.9
Lesotho,49.7
Yemen,48.6
Gambia,48.6
Honduras,48.3
Senegal,46.7
Sudan,46.5
Mozambique,46.1
Guinea,43.7
Comoros,42.4
Chad,42.3
Mali,42.1
Mexico,41.9
Timor-Leste,41.8
Burkina Faso,41.4
Micronesia,41.2
Republic of the Congo,40.9
Niger,40.8
Nigeria,40.1
Papua New Guinea,39.9
Ivory Coast,39.5
Benin,38.5
Zimbabwe,38.3
Rwanda,38.2
Cameroon,37.5
Bolivia,37.2
Kenya,36.1
Colombia,35.7
Argentina,35.5
Syria,35.2
Gabon,33.4
Venezuela,33.1
Egypt,32.5
Angola,32.3
Mauritania,31
Fiji,29.9
Palestine,29.2
Mongolia,28.4
Lebanon,27.4
Brazil,26.5
Tanzania,26.4
Armenia,26.4
Tajikistan,26.3
Tuvalu,26.3
Seychelles,25.3
Nepal,25.2
Ecuador,25
Saint Lucia,25
Nicaragua,24.9
Palau,24.9
Myanmar,24.8
Montenegro,24.5
Pakistan,24.3
Bangladesh,24.3
Romania,23.8
Bulgaria,23.8
Ethiopia,23.5
Paraguay,23.5
Ghana,23.4
Serbia,23.2
Latvia,22.9
El Salvador,22.8
Tonga,22.5
Panama,22.1
India,21.9
Kiribati,21.8
Estonia,21.7
North Macedonia,21.6
Uganda,21.4
Djibouti,21.1
Dominican Republic,21
Costa Rica,21
Spain,20.7
Lithuania,20.6
Samoa,20.3
Peru,20.2
Italy,20.1
Kyrgyzstan,20.1
Jamaica,19.9
Georgia,19.5
Botswana,19.3
Iraq,18.9
United Kingdom,18.6
Laos,18.3
Croatia,18.3
Greece,17.9
United States,17.8
Cambodia,17.7
Luxembourg,17.5
Namibia,17.4
Portugal,17.2
Sweden,17.1
Malta,17.1
Israel,16.9
Bosnia and Herzegovina,16.9
Philippines,16.7
Switzerland,16
Japan,15.7
Jordan,15.7
Poland,15.4
Tunisia,15.2
Germany,14.8
Belgium,14.8
Cyprus,14.7
Turkey,14.4
Albania,14.3
Uzbekistan,14.1
France,13.6
Netherlands,13.6
Austria,13.3
Ireland,13.1
Norway,12.7
Solomon Islands,12.7
Vanuatu,12.7
Russia,12.6
Denmark,12.5
Australia,12.4
Hungary,12.3
Finland,12.2
Slovenia,12
Canada,11.6
Mauritius,10.3
Czech Republic,10.1
Thailand,9.9
Indonesia,9.4
Uruguay,8.8
Iceland,8.8
Chile,8.6
Bhutan,8.2
Maldives,8.2
Moldova,7.3
Vietnam,6.7
Azerbaijan,6
Malaysia,5.6
Algeria,5.5
Belarus,5
Morocco,4.8
Kazakhstan,4.3
Sri Lanka,4.1
Ukraine,1.1
China,0.6
Iran,
South Korea,
Taiwan,
Somalia,
United Arab Emirates,
Turkmenistan,
Slovakia,
Trinidad and Tobago,
Guyana,
Suriname,
Cape Verde,
Belize,
Nauru,
