﻿country,country code,rural percentage(2021)
Aruba,ABW,56.134
Africa Eastern and Southern,AFE,62.71693501
Afghanistan,AFG,73.686
Africa Western and Central,AFW,51.55009811
Angola,AGO,32.54
Albania,ALB,37.031
Andorra,AND,12.142
Arab World,ARB,40.26208638
United Arab Emirates,ARE,12.701
Argentina,ARG,7.771
Armenia,ARM,36.569
American Samoa,ASM,12.831
Antigua and Barbuda,ATG,75.62
Australia,AUS,13.638
Austria,AUT,41.005
Azerbaijan,AZE,43.224
Burundi,BDI,85.942
Belgium,BEL,1.883
Benin,BEN,51.028
Burkina Faso,BFA,68.76
Bangladesh,BGD,61.054
Bulgaria,BGR,23.975
Bahrain,BHR,10.378
"Bahamas, The",BHS,16.635
Bosnia and Herzegovina,BIH,50.575
Belarus,BLR,20.09
Belize,BLZ,53.799
Bermuda,BMU,0
Bolivia,BOL,29.525
Brazil,BRA,12.683
Barbados,BRB,68.754
Brunei Darussalam,BRN,21.446
Bhutan,BTN,56.992
Botswana,BWA,28.44
Central African Republic,CAF,57.352
Canada,CAN,18.347
Central Europe and the Baltics,CEB,37.28645556
Switzerland,CHE,26.004
Channel Islands,CHI,68.988
Chile,CHL,12.183
China,CHN,37.488
Cote d'Ivoire,CIV,47.82
Cameroon,CMR,41.852
"Congo, Dem. Rep.",COD,53.765
"Congo, Rep.",COG,31.717
Colombia,COL,18.26
Comoros,COM,70.387
Cabo Verde,CPV,32.898
Costa Rica,CRI,18.575
Caribbean small states,CSS,48.24167978
Cuba,CUB,22.708
Curacao,CUW,10.962
Cayman Islands,CYM,0
Cyprus,CYP,33.144
Czech Republic,CZE,25.786
Germany,DEU,22.456
Djibouti,DJI,21.783
Dominica,DMA,28.605
Denmark,DNK,11.76
Dominican Republic,DOM,16.787
Algeria,DZA,25.739
East Asia & Pacific (excluding high income),EAP,41.62181348
Early-demographic dividend,EAR,53.61452474
East Asia & Pacific,EAS,38.52132708
Europe & Central Asia (excluding high income),ECA,31.81124903
Europe & Central Asia,ECS,27.17519151
Ecuador,ECU,35.639
"Egypt, Arab Rep.",EGY,57.138
Euro area,EMU,22.30077614
Eritrea,ERI,
Spain,ESP,18.944
Estonia,EST,30.585
Ethiopia,ETH,77.826
European Union,EUU,24.80706929
Fragile and conflict affected situations,FCS,55.89567682
Finland,FIN,14.404
Fiji,FJI,42.26
France,FRA,18.758
Faroe Islands,FRO,57.417
"Micronesia, Fed. Sts.",FSM,76.932
Gabon,GAB,9.577
United Kingdom,GBR,15.848
Georgia,GEO,40.128
Ghana,GHA,42.015
Gibraltar,GIB,0
Guinea,GIN,62.736
"Gambia, The",GMB,36.778
Guinea-Bissau,GNB,55.383
Equatorial Guinea,GNQ,26.439
Greece,GRC,19.962
Grenada,GRD,63.306
Greenland,GRL,12.493
Guatemala,GTM,47.755
Guam,GUM,4.985
Guyana,GUY,73.103
High income,HIC,18.52060452
"Hong Kong SAR, China",HKG,0
Honduras,HND,41.018
Heavily indebted poor countries (HIPC),HPC,62.54656203
Croatia,HRV,42.122
Haiti,HTI,42.036
Hungary,HUN,27.755
IBRD only,IBD,43.20447776
IDA & IBRD total,IBT,48.01114797
IDA total,IDA,61.49146885
IDA blend,IDB,56.31140451
Indonesia,IDN,42.71
IDA only,IDX,64.11534021
Isle of Man,IMN,46.924
India,IND,64.607
Not classified,INX,
Ireland,IRL,36.088
"Iran, Islamic Rep.",IRN,23.655
Iraq,IRQ,28.881
Iceland,ISL,6.056
Israel,ISR,7.326
Italy,ITA,28.654
Jamaica,JAM,43.348
Jordan,JOR,8.374
Japan,JPN,8.133
Kazakhstan,KAZ,42.179
Kenya,KEN,71.507
Kyrgyz Republic,KGZ,62.854
Cambodia,KHM,75.332
Kiribati,KIR,43.665
St. Kitts and Nevis,KNA,69.094
"Korea, Rep.",KOR,18.586
Kuwait,KWT,0
Latin America & Caribbean (excluding high income),LAC,19.12849026
Lao PDR,LAO,63.061
Lebanon,LBN,10.907
Liberia,LBR,47.427
Libya,LBY,19.006
St. Lucia,LCA,81.06
Latin America & Caribbean,LCN,18.63084756
Least developed countries: UN classification,LDC,64.81146186
Low income,LIC,65.77977048
Liechtenstein,LIE,85.529
Sri Lanka,LKA,81.14
Lower middle income,LMC,56.97634775
Low & middle income,LMY,48.26126391
Lesotho,LSO,70.52
Late-demographic dividend,LTE,35.1051681
Lithuania,LTU,31.751
Luxembourg,LUX,8.328
Latvia,LVA,31.579
"Macao SAR, China",MAC,0
St. Martin (French part),MAF,
Morocco,MAR,35.935
Monaco,MCO,0
Moldova,MDA,57.002
Madagascar,MDG,60.793
Maldives,MDV,58.898
Middle East & North Africa,MEA,33.74409422
Mexico,MEX,18.984
Marshall Islands,MHL,21.838
Middle income,MIC,46.16385757
North Macedonia,MKD,41.214
Mali,MLI,55.323
Malta,MLT,5.19
Myanmar,MMR,68.552
Middle East & North Africa (excluding high income),MNA,37.48974967
Montenegro,MNE,32.174
Mongolia,MNG,31.215
Northern Mariana Islands,MNP,8.11
Mozambique,MOZ,62.372
Mauritania,MRT,43.867
Mauritius,MUS,59.225
Malawi,MWI,82.305
Malaysia,MYS,22.304
North America,NAC,17.25008467
Namibia,NAM,46.995
New Caledonia,NCL,28.075
Niger,NER,83.249
Nigeria,NGA,47.254
Nicaragua,NIC,40.723
Netherlands,NLD,7.428
Norway,NOR,16.677
Nepal,NPL,78.992
Nauru,NRU,0
New Zealand,NZL,13.211
OECD members,OED,18.76397433
Oman,OMN,12.956
Other small states,OSS,36.51450195
Pakistan,PAK,62.56
Panama,PAN,31.225
Peru,PER,21.5
Philippines,PHL,52.316
Palau,PLW,18.517
Papua New Guinea,PNG,86.544
Poland,POL,39.925
Pre-demographic dividend,PRE,57.11143607
Puerto Rico,PRI,6.408
"Korea, Dem. People's Rep.",PRK,37.358
Portugal,PRT,33.151
Paraguay,PRY,37.504
West Bank and Gaza,PSE,22.997
Pacific island small states,PSS,60.47823741
Post-demographic dividend,PST,18.14941174
French Polynesia,PYF,37.934
Qatar,QAT,0.722
Romania,ROU,45.671
Russian Federation,RUS,25.066
Rwanda,RWA,82.432
South Asia,SAS,64.6570248
Saudi Arabia,SAU,15.492
Sudan,SDN,64.407
Senegal,SEN,51.4
Singapore,SGP,0
Solomon Islands,SLB,74.872
Sierra Leone,SLE,56.628
El Salvador,SLV,25.882
San Marino,SMR,2.38
Somalia,SOM,53.269
Serbia,SRB,43.349
Sub-Saharan Africa (excluding high income),SSA,58.20680432
South Sudan,SSD,79.486
Sub-Saharan Africa,SSF,58.20542733
Small states,SST,40.02503478
Sao Tome and Principe,STP,24.927
Suriname,SUR,33.781
Slovak Republic,SVK,46.18
Slovenia,SVN,44.573
Sweden,SWE,11.762
Eswatini,SWZ,75.631
Sint Maarten (Dutch part),SXM,0
Seychelles,SYC,42.028
Syrian Arab Republic,SYR,43.876
Turks and Caicos Islands,TCA,6.166
Chad,TCD,76.219
East Asia & Pacific (IDA & IBRD countries),TEA,41.67501157
Europe & Central Asia (IDA & IBRD countries),TEC,33.13862535
Togo,TGO,56.642
Thailand,THA,47.837
Tajikistan,TJK,72.274
Turkmenistan,TKM,47.002
Latin America & the Caribbean (IDA & IBRD countries),TLA,18.60026543
Timor-Leste,TLS,68.305
Middle East & North Africa (IDA & IBRD countries),TMN,37.66894836
Tonga,TON,76.896
South Asia (IDA & IBRD),TSA,64.6570248
Sub-Saharan Africa (IDA & IBRD countries),TSS,58.20542733
Trinidad and Tobago,TTO,46.735
Tunisia,TUN,30.112
Turkiye,TUR,23.431
Tuvalu,TUV,35.215
Tanzania,TZA,64.046
Uganda,UGA,74.447
Ukraine,UKR,30.243
Upper middle income,UMC,31.61584361
Uruguay,URY,4.397
United States,USA,17.127
Uzbekistan,UZB,49.573
St. Vincent and the Grenadines,VCT,46.548
"Venezuela, RB",VEN,11.675
British Virgin Islands,VGB,51.08
Virgin Islands (U.S.),VIR,3.96
Vietnam,VNM,61.948
Vanuatu,VUT,74.335
World,WLD,43.41514139
Samoa,WSM,82.258
Kosovo,XKX,
"Yemen, Rep.",YEM,61.454
South Africa,ZAF,32.153
Zambia,ZMB,54.808
Zimbabwe,ZWE,67.697
