COUNTRY,ISO3,WHO_REGION,DATA_SOURCE,DATE_UPDATED,TOTAL_VACCINATIONS,PERSONS_VACCINATED_1PLUS_DOSE,TOTAL_VACCINATIONS_PER100,PERSONS_VACCINATED_1PLUS_DOSE_PER100,PERSONS_FULLY_VACCINATED,PERSONS_FULLY_VACCINATED_PER100,VACCINES_USED,FIRST_VACCINE_DATE,NUMBER_VACCINES_TYPES_USED,PERSONS_BOOSTER_ADD_DOSE,PERSONS_BOOSTER_ADD_DOSE_PER100
Afghanistan,AFG,EMRO,REPORTING,2022-09-12,11734635,10827184,30.144,27.813,10105500,25.959,"AstraZeneca - Vaxzevria,Beijing CNBG - BBIBP-CorV,Bharat - Covaxin,CanSino - Convidecia,Gamaleya - Gam-Covid-Vac,Gamaleya - Sputnik-Light,Janssen - Ad26.COV 2-S,Moderna - Spikevax,Pfizer BioNTech - Comirnaty,SII - Covishield,Sinovac - CoronaVac",2021-02-22,11,,
Albania,ALB,EURO,REPORTING,2022-09-04,2966256,1335654,103.1,46.932,1261243,44.317,"AstraZeneca - Vaxzevria,Gamaleya - Gam-Covid-Vac,Pfizer BioNTech - Comirnaty,SII - Covishield,Sinovac - CoronaVac",2021-01-13,5,352685,12.393
Algeria,DZA,AFRO,REPORTING,2022-09-04,15267442,7840131,34.817,17.879,6481186,14.78,"Beijing CNBG - BBIBP-CorV,Gamaleya - Gam-Covid-Vac,SII - Covishield,Sinovac - CoronaVac",2021-01-30,4,575651,1.313
American Samoa,ASM,WPRO,REPORTING,2022-08-23,111316,44885,201.67,81.318,41423,75.046,"Janssen - Ad26.COV 2-S,Moderna - Spikevax,Pfizer BioNTech - Comirnaty",2020-12-21,3,24160,43.77
Andorra,AND,EURO,REPORTING,2022-09-04,154195,57893,199.6,75.998,53478,70.202,"AstraZeneca - Vaxzevria,Moderna - Spikevax,Pfizer BioNTech - Comirnaty",2021-01-20,3,42824,56.216
Angola,AGO,AFRO,REPORTING,2022-09-04,22297104,14220830,67.842,43.269,7814121,23.776,SII - Covishield,2021-03-10,1,1127156,3.43
Anguilla,AIA,AMRO,REPORTING,2022-09-02,24102,10846,160.659,72.297,10314,68.751,"AstraZeneca - Vaxzevria,Pfizer BioNTech - Comirnaty",2021-02-05,2,2942,19.611
Antigua and Barbuda,ATG,AMRO,REPORTING,2022-09-02,136512,64290,139.399,65.65,62384,63.703,"AstraZeneca - Vaxzevria,Beijing CNBG - BBIBP-CorV,Gamaleya - Gam-Covid-Vac,Janssen - Ad26.COV 2-S,Pfizer BioNTech - Comirnaty,SII - Covishield",2021-03-01,6,9838,10.046
Argentina,ARG,AMRO,REPORTING,2022-09-02,108959088,41260278,241.082,91.292,37774984,83.581,"AstraZeneca - Vaxzevria,Beijing CNBG - BBIBP-CorV,CanSino - Convidecia,Gamaleya - Gam-Covid-Vac,Moderna - Spikevax,Pfizer BioNTech - Comirnaty,SII - Covishield",2020-12-29,7,30244314,66.918
Armenia,ARM,EURO,REPORTING,2022-05-22,2150112,1129669,72.6,38.123,985807,33.268,"AstraZeneca - Vaxzevria,Beijing CNBG - BBIBP-CorV,Gamaleya - Gam-Covid-Vac,Gamaleya - Sputnik-Light,Moderna - Spikevax,Pfizer BioNTech - Comirnaty,Sinovac - CoronaVac,Wuhan CNBG - Inactivated",2021-06-16,8,40725,1.374
Aruba,ABW,AMRO,REPORTING,2022-09-02,173130,89682,162.158,83.999,83448,78.16,"Janssen - Ad26.COV 2-S,Pfizer BioNTech - Comirnaty",2021-02-17,2,,
Australia,AUS,WPRO,REPORTING,2022-08-31,63177474,22422377,247.756,87.931,21760142,85.334,"AstraZeneca - Vaxzevria,Janssen - Ad26.COV 2-S,Moderna - Spikevax,Novavax-NUVAXOVID,Pfizer BioNTech - Comirnaty",2021-02-21,5,14209670,55.724
Austria,AUT,EURO,REPORTING,2022-09-04,19109403,6885960,214.7,77.463,6672255,74.96,"AstraZeneca - Vaxzevria,Janssen - Ad26.COV 2-S,Moderna - Spikevax,Novavax-NUVAXOVID,Pfizer BioNTech - Comirnaty,Unknown Vaccine",2020-12-30,6,5317803,59.743
Azerbaijan,AZE,EURO,REPORTING,2022-09-04,13726409,5398346,135.4,53.242,4867619,48.008,"AstraZeneca - Vaxzevria,Gamaleya - Gam-Covid-Vac,Gamaleya - Sputnik-Light,Pfizer BioNTech - Comirnaty,Sinovac - CoronaVac",2021-01-20,5,3460446,34.129
Bahamas,BHS,AMRO,REPORTING,2022-09-02,357722,172361,90.967,43.831,163523,41.583,"AstraZeneca - Vaxzevria,Janssen - Ad26.COV 2-S,Pfizer BioNTech - Comirnaty,SII - Covishield",2021-03-14,4,31626,8.042
Bahrain,BHR,EMRO,REPORTING,2022-09-11,3468872,1240373,203.862,72.896,1225659,72.031,"AstraZeneca - Vaxzevria,Beijing CNBG - BBIBP-CorV,Bharat - Covaxin,CanSino - Convidecia,Gamaleya - Gam-Covid-Vac,Gamaleya - Sputnik-Light,Janssen - Ad26.COV 2-S,Moderna - Spikevax,Pfizer BioNTech - Comirnaty,SII - Covishield,Sinovac - CoronaVac",2020-11-04,11,1002840,58.936
Bangladesh,BGD,SEARO,REPORTING,2022-09-13,297510843,131387480,180.65,79.779,121486348,73.767,"AstraZeneca - Vaxzevria,Beijing CNBG - BBIBP-CorV,Gamaleya - Gam-Covid-Vac,Janssen - Ad26.COV 2-S,Moderna - Spikevax,Pfizer BioNTech - Comirnaty,SII - Covishield,Sinovac - CoronaVac",2021-01-27,8,44637015,27.104
Barbados,BRB,AMRO,REPORTING,2022-09-02,373830,163193,130.084,56.787,154389,53.724,"AstraZeneca - Vaxzevria,Beijing CNBG - BBIBP-CorV,Janssen - Ad26.COV 2-S,Pfizer BioNTech - Comirnaty,SII - Covishield",2021-01-08,5,56248,19.573
Belarus,BLR,EURO,REPORTING,2022-09-04,15177629,6498901,160.6,68.776,6387017,67.592,"Beijing CNBG - BBIBP-CorV,Chumakov - Covi-Vac,Gamaleya - Gam-Covid-Vac,Gamaleya - Sputnik-Light",2021-02-03,4,2576773,27.269
Belgium,BEL,EURO,REPORTING,2022-09-04,25780626,9244853,223.7,80.233,9148818,79.4,"AstraZeneca - Vaxzevria,Janssen - Ad26.COV 2-S,Moderna - Spikevax,Pfizer BioNTech - Comirnaty",2020-12-30,4,7199154,62.479
Belize,BLZ,AMRO,REPORTING,2022-09-02,498515,250215,125.372,62.927,219511,55.205,"AstraZeneca - Vaxzevria,Beijing CNBG - BBIBP-CorV,Janssen - Ad26.COV 2-S,Pfizer BioNTech - Comirnaty,SII - Covishield",2021-03-01,5,50578,12.72
Benin,BEN,AFRO,REPORTING,2022-09-04,3687739,3682329,30.419,30.374,2730222,22.521,"AstraZeneca - Vaxzevria,Janssen - Ad26.COV 2-S,Pfizer BioNTech - Comirnaty,SII - Covishield,Sinovac - CoronaVac",2021-03-29,5,,
Bermuda,BMU,AMRO,REPORTING,2022-09-02,132042,48554,212.037,77.97,47657,76.529,"AstraZeneca - Vaxzevria,Pfizer BioNTech - Comirnaty",2021-01-11,2,31829,51.112
Bhutan,BTN,SEARO,REPORTING,2022-09-11,1927613,695693,249.818,90.161,674865,87.462,"AstraZeneca - Vaxzevria,Beijing CNBG - BBIBP-CorV,Moderna - Spikevax,Pfizer BioNTech - Comirnaty,SII - Covishield",2021-03-27,5,557055,72.194
Bolivia (Plurinational State of),BOL,AMRO,REPORTING,2022-09-02,15144884,7374245,129.743,63.173,6166829,52.83,"AstraZeneca - Vaxzevria,Beijing CNBG - BBIBP-CorV,Gamaleya - Gam-Covid-Vac,Janssen - Ad26.COV 2-S,Moderna - Spikevax,Pfizer BioNTech - Comirnaty,SII - Covishield",2021-01-30,7,2168347,18.576
Bonaire,XAA,AMRO,REPORTING,2022-09-02,41361,17460,197.758,83.481,15884,75.945,,,,8017,38.331
"Bonaire, Sint Eustatius and Saba",BES,AMRO,OWID,2021-09-01,35845,19109,137.934,73.533,16736,64.401,"Moderna - mRNA-1273, Pfizer BioNTech - Comirnaty",,2,,
Bosnia and Herzegovina,BIH,EURO,REPORTING,2022-01-29,1924950,943394,58.7,28.755,846080,25.789,"AstraZeneca - AZD1222, Pfizer BioNTech - Comirnaty, Sinovac - CoronaVac, Gamaleya - Sputnik V",,4,,
Botswana,BWA,AFRO,REPORTING,2022-09-04,2871301,1502742,122.098,63.902,1373738,58.416,"Bharat - Covaxin,Janssen - Ad26.COV 2-S,Moderna - Spikevax,Pfizer BioNTech - Comirnaty,SII - Covishield,Sinovac - CoronaVac",2021-03-26,6,420133,17.866
Brazil,BRA,AMRO,REPORTING,2022-09-02,474252821,183127656,223.115,86.154,164600518,77.437,"AstraZeneca - Vaxzevria,Janssen - Ad26.COV 2-S,Pfizer BioNTech - Comirnaty,SII - Covishield,Sinovac - CoronaVac",2021-01-17,5,111053238,52.246
British Virgin Islands,VGB,AMRO,REPORTING,2022-09-02,41379,19442,136.849,64.299,18211,60.228,"AstraZeneca - Vaxzevria,Janssen - Ad26.COV 2-S",2021-02-11,2,3726,12.323
Brunei Darussalam,BRN,WPRO,REPORTING,2022-09-02,1268899,449429,290.048,102.732,444412,101.585,"AstraZeneca - Vaxzevria,Beijing CNBG - BBIBP-CorV,Janssen - Ad26.COV 2-S,Moderna - Spikevax,Pfizer BioNTech - Comirnaty",2021-04-03,5,333420,76.214
Bulgaria,BGR,EURO,REPORTING,2022-09-04,4526965,2100931,65.1,30.223,2071570,29.8,"AstraZeneca - Vaxzevria,Janssen - Ad26.COV 2-S,Moderna - Spikevax,Pfizer BioNTech - Comirnaty",2020-12-30,4,802449,11.544
Burkina Faso,BFA,AFRO,REPORTING,2022-08-28,3740943,2677083,17.896,12.807,2425909,11.605,"Beijing CNBG - BBIBP-CorV,Janssen - Ad26.COV 2-S,SII - Covishield",2021-06-02,3,,
Burundi,BDI,AFRO,REPORTING,2022-09-04,20733,18845,0.174,0.158,18248,0.153,Beijing CNBG - BBIBP-CorV,2021-10-18,1,17,0
Cabo Verde,CPV,AFRO,REPORTING,2022-09-04,853757,356355,153.557,64.094,308382,55.466,"Beijing CNBG - BBIBP-CorV,Moderna - Spikevax,Pfizer BioNTech - Comirnaty,SII - Covishield",2021-03-18,4,578,0.104
Cambodia,KHM,WPRO,REPORTING,2022-09-02,43380390,15172499,259.468,90.75,14513433,86.808,"AstraZeneca - Vaxzevria,Beijing CNBG - BBIBP-CorV,Janssen - Ad26.COV 2-S,Moderna - Spikevax,Pfizer BioNTech - Comirnaty,SII - Covishield,Sinovac - CoronaVac",2021-02-10,7,10038861,60.045
Cameroon,CMR,AFRO,REPORTING,2022-07-24,1854436,1569870,6.986,5.914,1226658,4.621,"Beijing CNBG - BBIBP-CorV,Janssen - Ad26.COV 2-S,Pfizer BioNTech - Comirnaty,SII - Covishield",2021-04-12,4,52011,0.196
Canada,CAN,AMRO,REPORTING,2022-09-02,88036938,32766378,233.259,86.816,31421282,83.252,"AstraZeneca - Vaxzevria,Janssen - Ad26.COV 2-S,Moderna - Spikevax,Pfizer BioNTech - Comirnaty,SII - Covishield",2020-12-14,5,19127177,50.679
Cayman Islands,CYM,AMRO,REPORTING,2022-09-02,148160,61663,225.441,93.827,60145,91.517,Pfizer BioNTech - Comirnaty,2021-01-15,1,23910,36.382
Central African Republic,CAF,AFRO,REPORTING,2022-09-04,1549713,1455323,32.087,30.132,1378300,28.538,"Bharat - Covaxin,SII - Covishield",2021-03-19,2,87947,1.821
Chad,TCD,AFRO,REPORTING,2022-08-28,3876928,3739193,23.603,22.764,3611617,21.987,Beijing CNBG - BBIBP-CorV,2021-06-04,1,,
Chile,CHL,AMRO,REPORTING,2022-09-02,61941686,18057594,324.027,94.462,17660575,92.385,"AstraZeneca - Vaxzevria,CanSino - Convidecia,Moderna - Spikevax,Pfizer BioNTech - Comirnaty,Sinovac - CoronaVac",2020-12-21,5,15564661,81.421
China,CHN,WPRO,REPORTING,2022-08-31,3452957751,1307420543,234.69,88.862,1277171140,86.806,"Anhui ZL - Zifivax,Beijing CNBG - BBIBP-CorV,CanSino - Convidecia,IMB - Covidful,Pfizer BioNTech - Comirnaty,Shenzhen - LV-SMENP-DC,Sinovac - CoronaVac,Wuhan CNBG - Inactivated",2020-07-22,8,775972893,52.741
Colombia,COL,AMRO,REPORTING,2022-09-02,87566541,42633866,172.094,83.788,36479814,71.694,"AstraZeneca - Vaxzevria,Janssen - Ad26.COV 2-S,Moderna - Spikevax,Pfizer BioNTech - Comirnaty,Sinovac - CoronaVac",2021-02-17,5,13662929,26.852
Comoros,COM,AFRO,REPORTING,2022-07-31,804403,423255,92.503,48.672,382032,43.932,"Beijing CNBG - BBIBP-CorV,Bharat - Covaxin,SII - Covishield",2021-04-10,3,,
Congo,COG,AFRO,REPORTING,2022-07-31,833210,695760,15.1,12.609,654119,11.854,"Beijing CNBG - BBIBP-CorV,Gamaleya - Gam-Covid-Vac,Moderna - Spikevax,SII - Covishield",2021-03-23,4,,
Cook Islands,COK,WPRO,REPORTING,2022-05-10,39612,15020,225.529,85.516,14676,83.557,Pfizer BioNTech - Comirnaty,2021-05-17,1,9916,56.456
Costa Rica,CRI,AMRO,REPORTING,2022-09-02,11703991,4463636,229.755,87.623,4191686,82.285,"AstraZeneca - Vaxzevria,Moderna - Spikevax,Pfizer BioNTech - Comirnaty",2020-12-24,3,2486203,48.805
Côte d’Ivoire,CIV,AFRO,REPORTING,2022-09-04,18304332,10721755,69.392,40.646,8817755,33.428,"Beijing CNBG - BBIBP-CorV,Gamaleya - Gam-Covid-Vac,Janssen - Ad26.COV 2-S,Pfizer BioNTech - Comirnaty,SII - Covishield",2021-03-01,5,1243021,4.712
Croatia,HRV,EURO,REPORTING,2022-09-04,5277300,2316052,130,57.105,2242847,55.268,"AstraZeneca - Vaxzevria,Janssen - Ad26.COV 2-S,Moderna - Spikevax,Novavax-NUVAXOVID,Pfizer BioNTech - Comirnaty,Unknown Vaccine",2020-12-23,6,911896,22.471
Cuba,CUB,AMRO,REPORTING,2022-09-02,37507390,10697601,331.144,94.447,9987269,88.175,"CIGB - CIGB-66,Finlay - Soberana Plus,Finlay - Soberana-02",,3,8254912,72.881
Curaçao,CUW,AMRO,REPORTING,2022-09-02,255287,108453,155.575,66.092,99797,60.817,"AstraZeneca - Vaxzevria,Moderna - Spikevax,Pfizer BioNTech - Comirnaty",2021-02-24,3,47037,28.665
Cyprus,CYP,EURO,REPORTING,2022-09-04,1817732,666752,204.7,75.084,655493,73.816,"AstraZeneca - Vaxzevria,Janssen - Ad26.COV 2-S,Moderna - Spikevax,Novavax-NUVAXOVID,Pfizer BioNTech - Comirnaty",2020-12-23,5,484409,54.55
Czechia,CZE,EURO,REPORTING,2022-09-04,17907925,6965163,167.5,65.132,6879606,64.332,"AstraZeneca - Vaxzevria,Janssen - Ad26.COV 2-S,Moderna - Spikevax,Novavax-NUVAXOVID,Pfizer BioNTech - Comirnaty",2020-12-23,5,4299781,40.208
Democratic Republic of the Congo,COD,AFRO,REPORTING,2022-09-04,4756847,4386801,5.311,4.898,2873726,3.209,SII - Covishield,2021-04-19,1,,
Denmark,DNK,EURO,REPORTING,2022-09-04,13198790,4816219,226.7,82.714,4778611,82.068,"AstraZeneca - Vaxzevria,Janssen - Ad26.COV 2-S,Moderna - Spikevax,Pfizer BioNTech - Comirnaty,Unknown Vaccine",2020-12-16,5,3650426,62.692
Djibouti,DJI,EMRO,REPORTING,2022-08-29,246459,225843,24.945,22.859,205475,20.797,"AstraZeneca - Vaxzevria,Beijing CNBG - BBIBP-CorV,Bharat - Covaxin,CanSino - Convidecia,Gamaleya - Gam-Covid-Vac,Gamaleya - Sputnik-Light,Janssen - Ad26.COV 2-S,Moderna - Spikevax,Pfizer BioNTech - Comirnaty,SII - Covishield,Sinovac - CoronaVac",2021-03-15,11,,
Dominica,DMA,AMRO,REPORTING,2022-09-02,67431,32872,93.666,45.661,30566,42.458,"AstraZeneca - Vaxzevria,Beijing CNBG - BBIBP-CorV,Moderna - Spikevax,Pfizer BioNTech - Comirnaty,SII - Covishield",2021-02-12,5,3993,5.547
Dominican Republic,DOM,AMRO,REPORTING,2022-09-02,15749166,7271058,145.182,67.027,6033880,55.623,"AstraZeneca - Vaxzevria,SII - Covishield,Sinovac - CoronaVac",2021-02-16,3,2444228,22.532
Ecuador,ECU,AMRO,REPORTING,2022-09-02,37543844,15249816,212.797,86.435,14106554,79.955,"AstraZeneca - Vaxzevria,CanSino - Convidecia,Pfizer BioNTech - Comirnaty,Sinovac - CoronaVac",2021-01-20,4,7028365,39.836
Egypt,EGY,EMRO,REPORTING,2022-09-11,98019706,52691386,95.784,51.489,39372755,38.475,"AstraZeneca - Vaxzevria,Beijing CNBG - BBIBP-CorV,Bharat - Covaxin,CanSino - Convidecia,Gamaleya - Gam-Covid-Vac,Gamaleya - Sputnik-Light,Janssen - Ad26.COV 2-S,Moderna - Spikevax,Pfizer BioNTech - Comirnaty,Sinovac - CoronaVac",2021-01-24,10,8455487,8.263
El Salvador,SLV,AMRO,REPORTING,2022-09-02,11090515,4612795,170.986,71.117,4316275,66.545,"AstraZeneca - Vaxzevria,Beijing CNBG - BBIBP-CorV,Moderna - Spikevax,Pfizer BioNTech - Comirnaty,SII - Covishield,Sinovac - CoronaVac",2021-02-17,6,1781722,27.469
Equatorial Guinea,GNQ,AFRO,REPORTING,2022-07-24,488738,270109,34.836,19.252,214032,15.255,"Beijing CNBG - BBIBP-CorV,Sinovac - CoronaVac",2021-02-12,2,4597,0.328
Eritrea,ERI,AFRO,REPORTING,2022-07-03,,0,,0,0,0,,,,,
Estonia,EST,EURO,REPORTING,2022-08-21,2108295,843179,158.6,63.446,833672,62.73,"AstraZeneca - Vaxzevria,Janssen - Ad26.COV 2-S,Moderna - Spikevax,Novavax-NUVAXOVID,Pfizer BioNTech - Comirnaty",2020-12-23,5,474841,35.73
Eswatini,SWZ,AFRO,REPORTING,2022-09-04,772287,491715,66.567,42.383,489620,42.203,"Janssen - Ad26.COV 2-S,Pfizer BioNTech - Comirnaty,SII - Covishield",2021-03-19,3,147157,12.684
Ethiopia,ETH,AFRO,REPORTING,2022-07-31,52509414,43111242,45.675,37.5,36707357,31.93,"Beijing CNBG - BBIBP-CorV,Bharat - Covaxin,Janssen - Ad26.COV 2-S,SII - Covishield",2021-03-13,4,2421781,2.107
Falkland Islands (Malvinas),FLK,AMRO,REPORTING,2022-06-21,9390,3220,269.595,92.449,2976,85.444,AstraZeneca - AZD1222,,1,2543,73.012
Faroe Islands,FRO,EURO,OWID,2022-02-18,103894,41715,212.614,85.368,40895,83.69,"Moderna - mRNA-1273, Pfizer BioNTech - Comirnaty",,2,21284,43.557
Fiji,FJI,WPRO,REPORTING,2022-09-01,1537008,709318,171.456,79.126,637854,71.154,"AstraZeneca - Vaxzevria,Moderna - Spikevax,SII - Covishield",2021-03-07,3,164500,18.35
Finland,FIN,EURO,REPORTING,2022-09-04,11935178,4540529,216,82.177,4355224,78.823,"AstraZeneca - Vaxzevria,Janssen - Ad26.COV 2-S,Moderna - Spikevax,Pfizer BioNTech - Comirnaty,Unknown Vaccine",2020-12-23,5,3039425,55.009
France,FRA,EURO,REPORTING,2022-09-04,153044712,54551382,227.3,81.033,53036508,78.782,"AstraZeneca - Vaxzevria,Janssen - Ad26.COV 2-S,Moderna - Spikevax,Novavax-NUVAXOVID,Pfizer BioNTech - Comirnaty,Unknown Vaccine",2020-12-30,6,40606798,60.319
French Guiana,GUF,AMRO,REPORTING,2022-09-02,236724,99479,79.256,33.306,90213,30.204,"Moderna - Spikevax,Pfizer BioNTech - Comirnaty",2021-01-13,2,45179,15.126
French Polynesia,PYF,WPRO,REPORTING,2022-07-31,460803,188245,164.041,67.013,183649,65.377,"Janssen - Ad26.COV 2-S,Pfizer BioNTech - Comirnaty",2021-01-18,2,88909,31.651
Gabon,GAB,AFRO,REPORTING,2022-08-14,569829,310170,25.602,13.936,257122,11.552,"Beijing CNBG - BBIBP-CorV,Gamaleya - Gam-Covid-Vac,Pfizer BioNTech - Comirnaty",2021-03-23,3,2537,0.114
Gambia,GMB,AFRO,REPORTING,2022-08-07,815861,452514,33.76,18.725,357390,14.789,"Beijing CNBG - BBIBP-CorV,SII - Covishield",2021-03-10,2,9007,0.373
Georgia,GEO,EURO,REPORTING,2022-08-21,2711935,1290258,68,32.344,1175439,29.466,"AstraZeneca - Vaxzevria,Beijing CNBG - BBIBP-CorV,Pfizer BioNTech - Comirnaty,Sinovac - CoronaVac",2021-03-17,4,246238,6.173
Germany,DEU,EURO,REPORTING,2022-09-04,184766788,64765216,222.2,77.874,64842582,77.967,"AstraZeneca - Vaxzevria,Janssen - Ad26.COV 2-S,Moderna - Spikevax,Novavax-NUVAXOVID,Pfizer BioNTech - Comirnaty,Unknown Vaccine",2020-12-23,6,51578724,62.018
Ghana,GHA,AFRO,REPORTING,2022-09-04,19055059,11371567,61.324,36.596,8251886,26.557,"Gamaleya - Gam-Covid-Vac,SII - Covishield",2021-03-02,2,1780905,5.731
Gibraltar,GIB,EURO,OWID,2022-04-21,119855,42074,355.748,124.882,41421,122.944,"AstraZeneca - AZD1222, Pfizer BioNTech - Comirnaty",,2,36360,107.922
Greece,GRC,EURO,REPORTING,2022-09-04,21426857,7908045,199.9,73.779,7730281,72.12,"AstraZeneca - Vaxzevria,Janssen - Ad26.COV 2-S,Moderna - Spikevax,Novavax-NUVAXOVID,Pfizer BioNTech - Comirnaty",2020-12-23,5,5855187,54.627
Greenland,GRL,EURO,OWID,2022-03-07,79745,41243,140.465,72.647,38502,67.819,Moderna - mRNA-1273,,1,,
Grenada,GRD,AMRO,REPORTING,2022-09-02,90006,43993,79.989,39.097,38792,34.475,"AstraZeneca - Vaxzevria,Janssen - Ad26.COV 2-S,Pfizer BioNTech - Comirnaty,SII - Covishield",2021-02-15,4,7221,6.417
Guadeloupe,GLP,AMRO,REPORTING,2022-09-02,385712,150077,96.398,37.508,144196,36.038,"AstraZeneca - Vaxzevria,Janssen - Ad26.COV 2-S,Moderna - Spikevax,Novavax-NUVAXOVID,Pfizer BioNTech - Comirnaty",2021-01-08,7,86650,21.656
Guam,GUM,WPRO,REPORTING,2022-08-23,368088,155225,218.094,91.972,141014,83.551,"Janssen - Ad26.COV 2-S,Moderna - Spikevax,Pfizer BioNTech - Comirnaty",2021-01-04,3,72131,42.738
Guatemala,GTM,AMRO,REPORTING,2022-09-02,19402932,8712123,108.302,48.629,6828635,38.116,"AstraZeneca - Vaxzevria,Gamaleya - Gam-Covid-Vac,Moderna - Spikevax,Pfizer BioNTech - Comirnaty,SII - Covishield",2021-02-25,5,3457519,19.299
Guernsey,GGY,EURO,OWID,2022-07-12,157708,,244.63,,,,"Moderna - mRNA-1273, AstraZeneca - AZD1222, Pfizer BioNTech - Comirnaty",,3,,
Guinea,GIN,AFRO,REPORTING,2022-09-04,7423194,5118927,56.524,38.978,2873584,21.881,"Beijing CNBG - BBIBP-CorV,Gamaleya - Gam-Covid-Vac,Janssen - Ad26.COV 2-S,Pfizer BioNTech - Comirnaty,SII - Covishield,Sinovac - CoronaVac",2021-03-05,6,168273,1.281
Guinea-Bissau,GNB,AFRO,REPORTING,2022-09-04,673091,593076,34.202,30.136,392459,19.942,"Beijing CNBG - BBIBP-CorV,SII - Covishield",2021-04-02,2,901,0.046
Guyana,GUY,AMRO,REPORTING,2022-09-02,936911,489432,119.116,62.225,374953,47.67,"AstraZeneca - Vaxzevria,Beijing CNBG - BBIBP-CorV,Gamaleya - Gam-Covid-Vac,Janssen - Ad26.COV 2-S,Moderna - Spikevax,Pfizer BioNTech - Comirnaty,SII - Covishield",2021-02-11,7,72526,9.221
Haiti,HTI,AMRO,REPORTING,2022-09-02,468505,358905,4.109,3.148,221645,1.944,"Janssen - Ad26.COV 2-S,Moderna - Spikevax",,2,,
Honduras,HND,AMRO,REPORTING,2022-09-02,15242548,6320137,153.894,63.81,5570982,56.246,"AstraZeneca - Vaxzevria,Gamaleya - Gam-Covid-Vac,Janssen - Ad26.COV 2-S,Moderna - Spikevax,Pfizer BioNTech - Comirnaty,SII - Covishield",2021-02-22,6,3351804,33.841
Hungary,HUN,EURO,REPORTING,2022-09-04,16463108,6352688,168.5,65.026,6145945,62.909,"AstraZeneca - Vaxzevria,Beijing CNBG - BBIBP-CorV,Gamaleya - Gam-Covid-Vac,Janssen - Ad26.COV 2-S,Moderna - Spikevax,Pfizer BioNTech - Comirnaty,Sinovac - CoronaVac",2020-12-23,7,3857901,39.489
Iceland,ISL,EURO,REPORTING,2022-07-31,824124,306894,226.3,84.281,297416,81.678,"AstraZeneca - Vaxzevria,Janssen - Ad26.COV 2-S,Moderna - Spikevax,Pfizer BioNTech - Comirnaty",2020-12-30,4,251927,69.185
India,IND,SEARO,REPORTING,2022-09-13,2156706574,1023933711,156.283,74.198,945738775,68.532,"Bharat - Covaxin,Biological E - Corbevax,Gamaleya - Gam-Covid-Vac,Janssen - Ad26.COV 2-S,Moderna - Spikevax,SII - Covishield,SII - Covovax,Zydus - ZyCov-D",2021-01-16,8,187034088,13.553
Indonesia,IDN,SEARO,REPORTING,2022-09-13,436317555,203882351,159.517,74.539,170498655,62.334,"AstraZeneca - Vaxzevria,Beijing CNBG - BBIBP-CorV,Janssen - Ad26.COV 2-S,Moderna - Spikevax,Novavax-NUVAXOVID,Pfizer BioNTech - Comirnaty,Sinovac - CoronaVac",2021-01-13,7,61936549,22.644
Iran (Islamic Republic of),IRN,EMRO,REPORTING,2022-09-04,153956137,64978822,183.297,77.362,58354106,69.475,"AstraZeneca - Vaxzevria,Beijing CNBG - BBIBP-CorV,Bharat - Covaxin,CanSino - Convidecia,Finlay - Soberana-02,Gamaleya - Gam-Covid-Vac,Gamaleya - Sputnik-Light,Janssen - Ad26.COV 2-S,Moderna - Spikevax,Pfizer BioNTech - Comirnaty,Shifa - COVIran Barakat,Sinovac - CoronaVac",2021-02-09,12,30623209,36.459
Iraq,IRQ,EMRO,REPORTING,2022-09-04,19165091,11110310,47.648,27.622,7813138,19.425,"AstraZeneca - Vaxzevria,Beijing CNBG - BBIBP-CorV,Bharat - Covaxin,CanSino - Convidecia,Gamaleya - Gam-Covid-Vac,Gamaleya - Sputnik-Light,Janssen - Ad26.COV 2-S,Moderna - Spikevax,Pfizer BioNTech - Comirnaty,Sinovac - CoronaVac",2021-03-02,10,241643,0.601
Ireland,IRL,EURO,REPORTING,2022-09-04,11561455,4044572,232.9,84.009,4008708,80.748,"AstraZeneca - Vaxzevria,Janssen - Ad26.COV 2-S,Moderna - Spikevax,Novavax-NUVAXOVID,Pfizer BioNTech - Comirnaty",2020-12-30,5,3002510,60.48
Isle of Man,IMN,EURO,OWID,2022-06-23,189994,69560,223.438,81.804,67106,78.919,"Moderna - mRNA-1273, AstraZeneca - AZD1222, Pfizer BioNTech - Comirnaty",,3,53328,62.715
Israel,ISR,EURO,REPORTING,2022-06-05,15026951,7055466,173.6,81.514,6385731,73.776,"AstraZeneca - Vaxzevria,Moderna - Spikevax,Pfizer BioNTech - Comirnaty",2020-12-16,3,1585754,18.321
Italy,ITA,EURO,REPORTING,2022-09-04,139264302,50427906,233.5,84.557,47503558,79.649,"AstraZeneca - Vaxzevria,Janssen - Ad26.COV 2-S,Moderna - Spikevax,Novavax-NUVAXOVID,Pfizer BioNTech - Comirnaty",2020-12-23,5,42812040,71.782
Jamaica,JAM,AMRO,REPORTING,2022-09-02,1482780,828047,50.074,27.964,726583,24.537,"AstraZeneca - Vaxzevria,Beijing CNBG - BBIBP-CorV,Janssen - Ad26.COV 2-S,Pfizer BioNTech - Comirnaty,SII - Covishield",2021-03-10,5,44165,1.491
Japan,JPN,WPRO,REPORTING,2022-09-06,317548412,104137403,251.073,82.337,102747384,81.238,"AstraZeneca - Vaxzevria,Moderna - Spikevax,Novavax-NUVAXOVID,Pfizer BioNTech - Comirnaty",2021-02-17,4,81700140,64.597
Jersey,JEY,EURO,OWID,2022-09-04,238462,83953,221.216,77.881,81320,75.439,"Moderna - mRNA-1273, AstraZeneca - AZD1222, Pfizer BioNTech - Comirnaty",,3,73189,67.896
Jordan,JOR,EMRO,REPORTING,2022-08-21,10057975,4821579,98.577,47.256,4558313,44.676,"AstraZeneca - Vaxzevria,Beijing CNBG - BBIBP-CorV,Bharat - Covaxin,CanSino - Convidecia,Gamaleya - Gam-Covid-Vac,Gamaleya - Sputnik-Light,Janssen - Ad26.COV 2-S,Moderna - Spikevax,Pfizer BioNTech - Comirnaty,Sinovac - CoronaVac",2021-01-13,10,682211,6.686
Kazakhstan,KAZ,EURO,REPORTING,2022-09-04,28466067,10958268,151.6,58.361,11554125,61.534,"Beijing CNBG - BBIBP-CorV,Gamaleya - Gam-Covid-Vac,Pfizer BioNTech - Comirnaty,RIBSP - QazVac,Sinovac - CoronaVac",2021-04-07,5,5184660,27.612
Kenya,KEN,AFRO,REPORTING,2022-09-04,21104874,13460152,39.249,25.032,9985687,18.571,"Beijing CNBG - BBIBP-CorV,Janssen - Ad26.COV 2-S,Moderna - Spikevax,Pfizer BioNTech - Comirnaty,SII - Covishield",2021-03-05,5,1568659,2.917
Kiribati,KIR,WPRO,REPORTING,2022-08-19,159883,82774,133.85,69.297,62876,52.638,"AstraZeneca - Vaxzevria,Beijing CNBG - BBIBP-CorV",2021-05-26,2,14233,11.916
Kosovo,XKX,EURO,REPORTING,2022-08-28,1835198,904106,102.2,50.349,824246,45.902,"AstraZeneca - Vaxzevria,Pfizer BioNTech - Comirnaty",2021-03-31,2,105143,5.855
Kuwait,KWT,EMRO,REPORTING,2022-09-11,8206793,3443742,192.171,80.639,3335554,78.106,"AstraZeneca - Vaxzevria,Beijing CNBG - BBIBP-CorV,Bharat - Covaxin,CanSino - Convidecia,Gamaleya - Gam-Covid-Vac,Gamaleya - Sputnik-Light,Janssen - Ad26.COV 2-S,Moderna - Spikevax,Pfizer BioNTech - Comirnaty,Sinovac - CoronaVac",2020-12-28,10,1427497,33.426
Kyrgyzstan,KGZ,EURO,REPORTING,2022-09-04,2958016,1461639,45.3,22.403,1293208,19.822,"AstraZeneca - Vaxzevria,Beijing CNBG - BBIBP-CorV,Gamaleya - Gam-Covid-Vac,Moderna - Spikevax,Pfizer BioNTech - Comirnaty,RIBSP - QazVac",2021-03-31,6,203169,3.114
Lao People's Democratic Republic,LAO,WPRO,REPORTING,2022-08-18,12121844,5901442,166.61,81.113,5238376,72,"AstraZeneca - Vaxzevria,Beijing CNBG - BBIBP-CorV,Gamaleya - Gam-Covid-Vac,Gamaleya - Sputnik-Light,Janssen - Ad26.COV 2-S,Pfizer BioNTech - Comirnaty,SII - Covishield,Sinovac - CoronaVac",2020-11-25,8,1795114,24.673
Latvia,LVA,EURO,REPORTING,2022-09-04,2842225,1302786,149,68.292,1271306,66.642,"AstraZeneca - Vaxzevria,Janssen - Ad26.COV 2-S,Moderna - Spikevax,Novavax-NUVAXOVID,Pfizer BioNTech - Comirnaty",2020-12-30,5,539815,28.297
Lebanon,LBN,EMRO,REPORTING,2022-09-11,5766450,2723692,84.485,39.905,2399261,35.152,"AstraZeneca - Vaxzevria,Beijing CNBG - BBIBP-CorV,Bharat - Covaxin,CanSino - Convidecia,Gamaleya - Gam-Covid-Vac,Gamaleya - Sputnik-Light,Janssen - Ad26.COV 2-S,Moderna - Spikevax,Pfizer BioNTech - Comirnaty,Sinovac - CoronaVac",2021-02-14,10,643497,9.428
Lesotho,LSO,AFRO,REPORTING,2022-08-14,1102069,1631364,51.444,76.152,872661,40.736,"Beijing CNBG - BBIBP-CorV,Janssen - Ad26.COV 2-S,SII - Covishield",2021-03-10,3,61789,2.884
Liberia,LBR,AFRO,REPORTING,2022-09-04,3505634,3503705,69.313,69.275,2949694,58.321,SII - Covishield,2021-04-01,1,1929,0.038
Libya,LBY,EMRO,REPORTING,2022-09-11,3709205,2304405,53.981,33.537,1228692,17.882,"AstraZeneca - Vaxzevria,Beijing CNBG - BBIBP-CorV,Bharat - Covaxin,CanSino - Convidecia,Gamaleya - Gam-Covid-Vac,Gamaleya - Sputnik-Light,Janssen - Ad26.COV 2-S,Moderna - Spikevax,Pfizer BioNTech - Comirnaty,Sinovac - CoronaVac",2021-04-11,10,176108,2.563
Liechtenstein,LIE,OTHER,REPORTING,2022-04-10,71104,26681,183.5,68.86,26346,67.995,"Janssen - Ad26.COV 2-S,Moderna - Spikevax,Pfizer BioNTech - Comirnaty",2021-01-06,3,18310,47.255
Lithuania,LTU,EURO,REPORTING,2022-09-04,4485176,1953891,160.5,70.083,1904138,68.149,"AstraZeneca - Vaxzevria,Janssen - Ad26.COV 2-S,Moderna - Spikevax,Pfizer BioNTech - Comirnaty,Unknown Vaccine",2020-12-23,5,895992,32.067
Luxembourg,LUX,EURO,REPORTING,2022-09-04,1307201,469632,208.8,75.008,462955,73.942,"AstraZeneca - Vaxzevria,Janssen - Ad26.COV 2-S,Moderna - Spikevax,Novavax-NUVAXOVID,Pfizer BioNTech - Comirnaty",2020-12-30,5,366799,58.584
Madagascar,MDG,AFRO,REPORTING,2022-09-04,1809232,1522375,6.534,5.498,1460761,5.275,"Beijing CNBG - BBIBP-CorV,Janssen - Ad26.COV 2-S,SII - Covishield",2021-05-10,3,76383,0.276
Malawi,MWI,AFRO,REPORTING,2022-09-04,4323160,3041539,22.599,15.899,2247799,11.75,"Janssen - Ad26.COV 2-S,SII - Covishield",2021-03-11,2,37788,0.198
Malaysia,MYS,WPRO,REPORTING,2022-09-04,72066207,28093651,222.66,86.8,27496779,84.956,"AstraZeneca - Vaxzevria,Beijing CNBG - BBIBP-CorV,CanSino - Convidecia,Gamaleya - Gam-Covid-Vac,Janssen - Ad26.COV 2-S,Moderna - Spikevax,Pfizer BioNTech - Comirnaty,Sinovac - CoronaVac",2021-02-24,8,16220515,50.116
Maldives,MDV,SEARO,REPORTING,2022-09-13,950776,399083,175.892,73.83,384935,71.213,"AstraZeneca - Vaxzevria,Beijing CNBG - BBIBP-CorV,Gamaleya - Gam-Covid-Vac,Janssen - Ad26.COV 2-S,Moderna - Spikevax,Pfizer BioNTech - Comirnaty,SII - Covishield,Sinovac - CoronaVac",2021-02-01,8,166758,30.85
Mali,MLI,AFRO,REPORTING,2022-09-04,2990301,2203178,14.766,10.879,1652448,8.16,SII - Covishield,2021-03-31,1,,
Malta,MLT,EURO,REPORTING,2022-08-21,1272579,450358,247.3,87.522,444718,86.426,"AstraZeneca - Vaxzevria,Janssen - Ad26.COV 2-S,Moderna - Spikevax,Pfizer BioNTech - Comirnaty",2020-12-23,4,351622,68.334
Marshall Islands,MHL,WPRO,REPORTING,2022-08-26,101728,43299,171.855,73.148,35343,59.707,"Janssen - Ad26.COV 2-S,Moderna - Spikevax,Pfizer BioNTech - Comirnaty",2020-12-29,3,18053,30.498
Martinique,MTQ,AMRO,REPORTING,2022-09-02,391311,149803,104.276,39.919,144597,38.532,Pfizer BioNTech - Comirnaty,,1,91508,24.385
Mauritania,MRT,AFRO,REPORTING,2022-09-04,3251620,2005049,69.932,43.123,1423899,30.624,"Beijing CNBG - BBIBP-CorV,SII - Covishield",2021-03-26,2,294525,6.334
Mauritius,MUS,AFRO,REPORTING,2022-09-04,2580909,1021934,202.939,80.355,977728,76.879,"Beijing CNBG - BBIBP-CorV,Bharat - Covaxin,SII - Covishield",2021-01-26,3,636805,50.072
Mexico,MEX,AMRO,REPORTING,2022-09-02,209673612,96372242,162.622,74.746,79947470,62.007,"AstraZeneca - Vaxzevria,CanSino - Convidecia,Gamaleya - Gam-Covid-Vac,Janssen - Ad26.COV 2-S,Moderna - Spikevax,Pfizer BioNTech - Comirnaty,Sinovac - CoronaVac",2020-12-24,7,56968034,44.184
Micronesia (Federated States of),FSM,WPRO,REPORTING,2022-08-20,170346,70204,148.097,61.035,66174,57.531,"AstraZeneca - Vaxzevria,Janssen - Ad26.COV 2-S,Moderna - Spikevax,Pfizer BioNTech - Comirnaty",2021-01-13,4,30537,26.549
Monaco,MCO,EURO,REPORTING,2022-01-02,58294,23460,148.5,59.78,23356,59.515,"AstraZeneca - Vaxzevria,Janssen - Ad26.COV 2-S,Moderna - Spikevax,Novavax - Covavax,Novavax-NUVAXOVID,Pfizer BioNTech - Comirnaty",2021-06-30,6,11478,29.248
Mongolia,MNG,WPRO,REPORTING,2022-09-02,5655491,2281638,172.513,69.598,2182192,66.565,"AstraZeneca - Vaxzevria,Beijing CNBG - BBIBP-CorV,Gamaleya - Gam-Covid-Vac,Moderna - Spikevax,Pfizer BioNTech - Comirnaty,SII - Covishield",2021-02-23,6,1053526,32.136
Montenegro,MNE,EURO,REPORTING,2022-09-04,526371,272387,83.8,43.801,253984,40.842,"AstraZeneca - Vaxzevria,Beijing CNBG - BBIBP-CorV,Gamaleya - Gam-Covid-Vac,Pfizer BioNTech - Comirnaty,Unknown Vaccine",2021-02-24,5,0,0
Montserrat,MSR,AMRO,REPORTING,2022-09-02,4528,2086,90.578,41.728,1932,38.648,AstraZeneca - Vaxzevria,2021-02-08,1,510,10.202
Morocco,MAR,EMRO,REPORTING,2022-09-11,55207628,24995699,149.571,67.72,23489140,63.638,"AstraZeneca - Vaxzevria,Beijing CNBG - BBIBP-CorV,Bharat - Covaxin,CanSino - Convidecia,Gamaleya - Gam-Covid-Vac,Gamaleya - Sputnik-Light,Janssen - Ad26.COV 2-S,Moderna - Spikevax,Pfizer BioNTech - Comirnaty,Sinovac - CoronaVac",2021-01-28,10,6820502,18.478
Mozambique,MOZ,AFRO,REPORTING,2022-09-04,18966670,13456303,60.683,43.053,12851614,41.118,"Beijing CNBG - BBIBP-CorV,Janssen - Ad26.COV 2-S,SII - Covishield",2021-03-08,3,603238,1.93
Myanmar,MMR,SEARO,REPORTING,2022-06-18,64549994,34777314,118.637,63.917,27545329,50.626,"Beijing CNBG - BBIBP-CorV,SII - Covishield",2021-01-27,2,2227351,4.094
Namibia,NAM,AFRO,REPORTING,2022-09-04,947273,586652,37.281,23.088,514155,20.235,"Beijing CNBG - BBIBP-CorV,Janssen - Ad26.COV 2-S,Pfizer BioNTech - Comirnaty,SII - Covishield",2021-03-19,4,155057,6.102
Nauru,NRU,WPRO,REPORTING,2022-03-31,22976,9464,212.073,87.355,8585,79.241,"AstraZeneca - Vaxzevria,SII - Covishield",2021-04-09,2,4927,45.477
Nepal,NPL,SEARO,REPORTING,2022-09-13,57015910,26718186,195.683,91.699,22324933,76.621,"AstraZeneca - Vaxzevria,Beijing CNBG - BBIBP-CorV,Bharat - Covaxin,Gamaleya - Gam-Covid-Vac,Janssen - Ad26.COV 2-S,Moderna - Spikevax,Pfizer BioNTech - Comirnaty,SII - Covishield",2021-01-27,8,7972791,27.363
Netherlands,NLD,EURO,REPORTING,2022-09-04,36105753,12776868,207.4,73.398,11957152,68.689,"AstraZeneca - Vaxzevria,Janssen - Ad26.COV 2-S,Moderna - Spikevax,Novavax-NUVAXOVID,Pfizer BioNTech - Comirnaty,Unknown Vaccine",2021-01-06,6,9417108,54.098
New Caledonia,NCL,WPRO,REPORTING,2022-08-29,465964,188411,163.211,65.994,184459,64.61,"Janssen - Ad26.COV 2-S,Pfizer BioNTech - Comirnaty",2021-01-20,2,93094,32.608
New Zealand,NZL,WPRO,REPORTING,2022-09-02,11701605,4258708,242.659,88.314,4096278,84.946,"AstraZeneca - Vaxzevria,Janssen - Ad26.COV 2-S,Novavax-NUVAXOVID,Pfizer BioNTech - Comirnaty",2021-02-19,4,2736813,56.754
Nicaragua,NIC,AMRO,REPORTING,2022-09-02,11736067,6044224,177.16,91.24,5691843,85.92,"AstraZeneca - Vaxzevria,CIGB - CIGB-66,Finlay - Soberana Plus,Finlay - Soberana-02,Gamaleya - Gam-Covid-Vac,Gamaleya - Sputnik-Light,Janssen - Ad26.COV 2-S,Pfizer BioNTech - Comirnaty,SII - Covishield",2021-03-03,9,,
Niger,NER,AFRO,REPORTING,2022-08-28,4531782,3740079,18.721,15.451,2978762,12.306,"Beijing CNBG - BBIBP-CorV,SII - Covishield",2021-03-29,2,,
Nigeria,NGA,AFRO,REPORTING,2022-09-04,67216328,43817495,32.607,21.256,31134717,15.104,SII - Covishield,2021-03-05,1,3205061,1.555
Niue,NIU,WPRO,REPORTING,2022-08-02,4180,1650,258.344,101.978,1436,88.752,Pfizer BioNTech - Comirnaty,2021-06-08,1,1094,67.614
North Macedonia,MKD,EURO,REPORTING,2022-09-04,1861054,854256,89.3,41.144,837783,40.351,"AstraZeneca - Vaxzevria,Beijing CNBG - BBIBP-CorV,Gamaleya - Gam-Covid-Vac,Moderna - Spikevax,Pfizer BioNTech - Comirnaty,Sinovac - CoronaVac,Wuhan CNBG - Inactivated",2021-02-17,7,161025,7.756
Northern Mariana Islands (Commonwealth of the),MNP,WPRO,REPORTING,2022-05-27,110882,44814,192.647,77.86,43944,76.349,"Janssen - Ad26.COV 2-S,Moderna - Spikevax,Pfizer BioNTech - Comirnaty",2020-12-19,3,23286,40.457
Norway,NOR,EURO,REPORTING,2022-09-04,11379889,4343067,212,80.913,4056997,75.583,"AstraZeneca - Vaxzevria,Janssen - Ad26.COV 2-S,Moderna - Spikevax,Pfizer BioNTech - Comirnaty",2020-12-23,4,2986909,55.647
occupied Palestinian territory,PSE,EMRO,REPORTING,2022-08-09,3741181,2010433,73.336,39.409,1774298,34.781,"AstraZeneca - Vaxzevria,Beijing CNBG - BBIBP-CorV,Bharat - Covaxin,CanSino - Convidecia,Gamaleya - Gam-Covid-Vac,Gamaleya - Sputnik-Light,Janssen - Ad26.COV 2-S,Moderna - Spikevax,Pfizer BioNTech - Comirnaty,Sinovac - CoronaVac",2021-02-02,10,334586,6.559
Oman,OMN,EMRO,REPORTING,2022-08-09,7089974,3271243,138.839,64.059,3044761,59.624,"AstraZeneca - Vaxzevria,Beijing CNBG - BBIBP-CorV,Bharat - Covaxin,CanSino - Convidecia,Gamaleya - Gam-Covid-Vac,Gamaleya - Sputnik-Light,Janssen - Ad26.COV 2-S,Moderna - Spikevax,Pfizer BioNTech - Comirnaty,SII - Covishield,Sinovac - CoronaVac",2020-12-29,11,773970,15.156
Pakistan,PAK,EMRO,REPORTING,2022-08-28,307354160,153593826,139.142,69.533,131202269,59.396,"AstraZeneca - Vaxzevria,Beijing CNBG - BBIBP-CorV,Bharat - Covaxin,CanSino - Convidecia,Gamaleya - Gam-Covid-Vac,Gamaleya - Sputnik-Light,Janssen - Ad26.COV 2-S,Moderna - Spikevax,Pfizer BioNTech - Comirnaty,SII - Covishield,Sinovac - CoronaVac",2021-02-03,11,40377035,18.279
Palau,PLW,WPRO,REPORTING,2022-08-23,48009,20295,265.36,112.177,18109,100.094,"Janssen - Ad26.COV 2-S,Moderna - Spikevax,Pfizer BioNTech - Comirnaty",2021-01-03,3,11960,66.107
Panama,PAN,AMRO,REPORTING,2022-09-02,8553279,3496186,198.233,81.028,3140231,72.779,"AstraZeneca - Vaxzevria,Pfizer BioNTech - Comirnaty",2021-01-20,2,1701012,39.423
Papua New Guinea,PNG,WPRO,REPORTING,2022-09-04,480018,348859,5.365,3.899,289316,3.234,"AstraZeneca - Vaxzevria,Beijing CNBG - BBIBP-CorV,Janssen - Ad26.COV 2-S,SII - Covishield",2021-03-30,4,25542,0.285
Paraguay,PRY,AMRO,REPORTING,2022-09-02,9332812,3956935,130.848,55.477,3503368,49.118,"AstraZeneca - Vaxzevria,Beijing CNBG - BBIBP-CorV,Bharat - Covaxin,Gamaleya - Gam-Covid-Vac,Julphar - Hayat-Vax,Moderna - Spikevax,Pfizer BioNTech - Comirnaty,Sinovac - CoronaVac",2021-02-22,8,1588651,22.273
Peru,PER,AMRO,REPORTING,2022-09-02,83233165,29820128,252.437,90.441,28127560,85.308,"AstraZeneca - Vaxzevria,Beijing CNBG - BBIBP-CorV,Moderna - Spikevax,Pfizer BioNTech - Comirnaty",2021-02-09,4,20695096,62.766
Philippines,PHL,WPRO,REPORTING,2022-09-01,162844138,77253008,148.606,70.498,72568579,66.224,"AstraZeneca - Vaxzevria,Beijing CNBG - BBIBP-CorV,Bharat - Covaxin,Gamaleya - Gam-Covid-Vac,Gamaleya - Sputnik-Light,Janssen - Ad26.COV 2-S,Julphar - Hayat-Vax,Moderna - Spikevax,Novavax-NUVAXOVID,Pfizer BioNTech - Comirnaty,Sinovac - CoronaVac",2021-03-01,11,18095217,16.513
Pitcairn Islands,PCN,WPRO,REPORTING,2022-02-28,106,46,212,92,37,74,AstraZeneca - Vaxzevria,2021-05-17,1,23,46
Poland,POL,EURO,REPORTING,2022-09-04,54941517,22867361,144.7,60.244,22573797,59.47,"AstraZeneca - Vaxzevria,Janssen - Ad26.COV 2-S,Moderna - Spikevax,Novavax-NUVAXOVID,Pfizer BioNTech - Comirnaty",2020-12-23,5,12331487,32.487
Portugal,PRT,EURO,REPORTING,2022-09-04,24899865,9751756,241.8,94.857,8914548,86.583,"AstraZeneca - Vaxzevria,Beijing CNBG - BBIBP-CorV,Bharat - Covaxin,Janssen - Ad26.COV 2-S,Moderna - Spikevax,Novavax-NUVAXOVID,Pfizer BioNTech - Comirnaty,Sinovac - CoronaVac",2020-12-23,8,6893683,66.956
Puerto Rico,PRI,AMRO,REPORTING,2022-09-02,7537968,3094541,263.487,108.168,2699040,94.344,"Janssen - Ad26.COV 2-S,Moderna - Spikevax,Novavax-NUVAXOVID,Pfizer BioNTech - Comirnaty",,4,1648049,57.607
Qatar,QAT,EMRO,REPORTING,2022-09-11,7438750,2785749,258.196,96.692,2785749,96.692,"AstraZeneca - Vaxzevria,Beijing CNBG - BBIBP-CorV,Bharat - Covaxin,CanSino - Convidecia,Gamaleya - Gam-Covid-Vac,Gamaleya - Sputnik-Light,Janssen - Ad26.COV 2-S,Moderna - Spikevax,Pfizer BioNTech - Comirnaty,Sinovac - CoronaVac",,10,1867252,64.811
Republic of Korea,KOR,WPRO,REPORTING,2022-09-02,130520731,45105179,254.579,87.977,44667207,87.123,"AstraZeneca - Vaxzevria,Janssen - Ad26.COV 2-S,Moderna - Spikevax,Novavax-NUVAXOVID,Pfizer BioNTech - Comirnaty",2021-02-26,5,33566214,65.471
Republic of Moldova,MDA,EURO,REPORTING,2022-08-21,2229252,1099642,55.3,27.26,1069467,26.512,"AstraZeneca - Vaxzevria,Beijing CNBG - BBIBP-CorV,Gamaleya - Gam-Covid-Vac,Janssen - Ad26.COV 2-S,Moderna - Spikevax,Pfizer BioNTech - Comirnaty,Sinovac - CoronaVac",2021-03-03,7,361564,8.963
Romania,ROU,EURO,REPORTING,2022-09-04,16076201,8181513,83.2,42.328,8133772,42.081,"AstraZeneca - Vaxzevria,Janssen - Ad26.COV 2-S,Moderna - Spikevax,Pfizer BioNTech - Comirnaty",2021-01-27,4,1759612,9.104
Russian Federation,RUS,EURO,OWID,2022-09-02,175086336,83969750,120,57.539,76438055,52.378,"SRCVB - EpiVacCorona, Gamaleya - Sputnik V",,2,,
Rwanda,RWA,AFRO,REPORTING,2022-08-07,26054302,10940142,201.157,84.465,10488764,80.98,"Beijing CNBG - BBIBP-CorV,Gamaleya - Gam-Covid-Vac,Janssen - Ad26.COV 2-S,Moderna - Spikevax,Pfizer BioNTech - Comirnaty,SII - Covishield,Sinovac - CoronaVac",2021-03-05,7,5273632,40.716
Saba,XCA,AMRO,REPORTING,2022-09-02,4419,1680,228.608,86.912,1639,84.79,,,,1100,56.906
Saint Helena,SHN,AFRO,OWID,2021-05-05,7892,4361,129.995,71.833,3531,58.162,AstraZeneca - AZD1222,,1,,
Saint Kitts and Nevis,KNA,AMRO,REPORTING,2022-09-02,64225,33794,120.742,63.532,26944,50.654,"AstraZeneca - Vaxzevria,Pfizer BioNTech - Comirnaty,SII - Covishield",2021-02-22,3,3465,6.514
Saint Lucia,LCA,AMRO,REPORTING,2022-09-02,122540,59965,66.733,32.656,54776,29.83,"AstraZeneca - Vaxzevria,Janssen - Ad26.COV 2-S,Moderna - Spikevax,Pfizer BioNTech - Comirnaty,SII - Covishield",2021-02-17,5,7799,4.247
Saint Vincent and the Grenadines,VCT,AMRO,REPORTING,2022-09-02,72537,37151,65.384,33.487,31258,28.176,"AstraZeneca - Vaxzevria,Gamaleya - Gam-Covid-Vac,Gamaleya - Sputnik-Light,Pfizer BioNTech - Comirnaty,SII - Covishield",2021-02-01,5,4128,3.721
Samoa,WSM,WPRO,REPORTING,2022-05-29,439060,190053,221.285,95.786,174125,87.758,"AstraZeneca - Vaxzevria,Pfizer BioNTech - Comirnaty",2021-04-18,2,74882,37.74
San Marino,SMR,EURO,REPORTING,2022-05-22,69338,26357,204.3,76.501,23633,68.595,"Gamaleya - Gam-Covid-Vac,Pfizer BioNTech - Comirnaty",2021-02-24,2,19348,56.158
Sao Tome and Principe,STP,AFRO,REPORTING,2022-09-04,226808,127161,103.49,58.022,102883,46.944,"AstraZeneca - Vaxzevria,SII - Covishield",2021-03-15,2,31673,14.452
Saudi Arabia,SAU,EMRO,REPORTING,2022-09-04,67701901,26863963,194.468,77.165,25261809,72.562,"AstraZeneca - Vaxzevria,Beijing CNBG - BBIBP-CorV,Bharat - Covaxin,CanSino - Convidecia,Gamaleya - Gam-Covid-Vac,Gamaleya - Sputnik-Light,Janssen - Ad26.COV 2-S,Moderna - Spikevax,Pfizer BioNTech - Comirnaty,Sinovac - CoronaVac",2021-01-06,10,15576129,44.741
Senegal,SEN,AFRO,REPORTING,2022-09-04,2136463,1473795,12.76,8.802,1090400,6.512,"Beijing CNBG - BBIBP-CorV,Janssen - Ad26.COV 2-S,SII - Covishield",2021-02-23,3,16175,0.097
Serbia,SRB,EURO,REPORTING,2022-06-12,6708547,3391961,96.9,48.969,3316586,47.881,"AstraZeneca - Vaxzevria,Beijing CNBG - BBIBP-CorV,Gamaleya - Gam-Covid-Vac,Moderna - Spikevax,Pfizer BioNTech - Comirnaty",2020-12-23,5,0,0
Seychelles,SYC,AFRO,REPORTING,2022-08-28,214152,85397,217.751,86.832,81204,82.569,"Beijing CNBG - BBIBP-CorV,Gamaleya - Gam-Covid-Vac,Julphar - Hayat-Vax,SII - Covishield",2021-01-10,4,47551,48.35
Sierra Leone,SLE,AFRO,REPORTING,2022-08-28,3940973,2904587,49.404,36.412,2189123,27.443,"Beijing CNBG - BBIBP-CorV,SII - Covishield",2021-03-15,2,20517,0.257
Singapore,SGP,WPRO,REPORTING,2022-08-29,14311895,5023877,244.633,85.873,5002973,85.516,"AstraZeneca - Vaxzevria,Beijing CNBG - BBIBP-CorV,Moderna - Spikevax,Pfizer BioNTech - Comirnaty",2020-12-30,4,4285045,73.244
Sint Eustatius,XBA,AMRO,REPORTING,2022-09-02,4257,1791,135.616,57.056,1686,53.711,,,,780,24.849
Sint Maarten,SXM,AMRO,REPORTING,2022-09-02,64027,28502,149.31,66.466,26515,61.832,"AstraZeneca - Vaxzevria,Moderna - Spikevax,Pfizer BioNTech - Comirnaty",2021-02-22,3,9010,21.011
Slovakia,SVK,EURO,REPORTING,2022-07-17,7081108,2822576,129.7,51.716,2772759,50.803,"AstraZeneca - Vaxzevria,Gamaleya - Gam-Covid-Vac,Janssen - Ad26.COV 2-S,Moderna - Spikevax,Novavax-NUVAXOVID,Pfizer BioNTech - Comirnaty",2021-01-06,6,1654057,30.306
Slovenia,SVN,EURO,REPORTING,2022-09-04,2965419,1234418,141.5,58.898,1203839,57.439,"AstraZeneca - Vaxzevria,Janssen - Ad26.COV 2-S,Moderna - Spikevax,Novavax-NUVAXOVID,Pfizer BioNTech - Comirnaty",2020-12-23,5,652338,31.125
Solomon Islands,SLB,WPRO,REPORTING,2022-09-04,524104,307951,76.302,44.833,204005,29.7,"AstraZeneca - Vaxzevria,Beijing CNBG - BBIBP-CorV,Pfizer BioNTech - Comirnaty,SII - Covishield",2021-03-23,4,11742,1.709
Somalia,SOM,EMRO,REPORTING,2022-09-12,4762311,3785681,29.964,23.819,2658295,16.726,"AstraZeneca - Vaxzevria,Beijing CNBG - BBIBP-CorV,Bharat - Covaxin,CanSino - Convidecia,Gamaleya - Gam-Covid-Vac,Gamaleya - Sputnik-Light,Janssen - Ad26.COV 2-S,Moderna - Spikevax,Pfizer BioNTech - Comirnaty,SII - Covishield,Sinovac - CoronaVac",2021-03-16,11,,
South Africa,ZAF,AFRO,REPORTING,2022-09-04,37487964,23745965,63.208,40.038,20723826,34.942,"Janssen - Ad26.COV 2-S,Pfizer BioNTech - Comirnaty",2021-02-17,2,3693214,6.227
South Sudan,SSD,AFRO,REPORTING,2022-09-04,1899297,1849007,16.968,16.518,1807028,16.143,"Janssen - Ad26.COV 2-S,SII - Covishield",2021-04-06,2,,
Spain,ESP,EURO,REPORTING,2022-09-04,102924722,41270349,217.4,87.192,37471633,79.167,"AstraZeneca - Vaxzevria,Janssen - Ad26.COV 2-S,Moderna - Spikevax,Pfizer BioNTech - Comirnaty",2020-12-30,4,25912585,54.746
Sri Lanka,LKA,SEARO,REPORTING,2022-09-11,39928513,17114619,186.466,79.925,14644729,68.391,"AstraZeneca - Vaxzevria,Beijing CNBG - BBIBP-CorV,Gamaleya - Gam-Covid-Vac,Moderna - Spikevax,Pfizer BioNTech - Comirnaty,SII - Covishield",2021-01-29,6,8169165,38.15
Sudan,SDN,EMRO,REPORTING,2022-05-30,8179010,6651268,18.653,15.168,4536964,10.347,"AstraZeneca - Vaxzevria,Beijing CNBG - BBIBP-CorV,Bharat - Covaxin,CanSino - Convidecia,Gamaleya - Gam-Covid-Vac,Gamaleya - Sputnik-Light,Janssen - Ad26.COV 2-S,Moderna - Spikevax,Pfizer BioNTech - Comirnaty,SII - Covishield,Sinovac - CoronaVac",2021-03-09,11,50234,0.115
Suriname,SUR,AMRO,REPORTING,2022-09-02,554588,267820,94.538,45.654,237879,40.55,"AstraZeneca - Vaxzevria,Beijing CNBG - BBIBP-CorV,Moderna - Spikevax,Pfizer BioNTech - Comirnaty,SII - Covishield",2021-02-23,5,48889,8.334
Sweden,SWE,EURO,REPORTING,2022-09-04,22233207,7564745,215.3,73.248,7404465,71.696,"AstraZeneca - Vaxzevria,Moderna - Spikevax,Novavax-NUVAXOVID,Pfizer BioNTech - Comirnaty,Unknown Vaccine",2020-12-23,5,5523312,53.481
Switzerland,CHE,EURO,REPORTING,2022-09-04,15803099,6092171,182.6,70.79,5716287,66.422,"Janssen - Ad26.COV 2-S,Moderna - Spikevax,Novavax-NUVAXOVID,Pfizer BioNTech - Comirnaty",2020-12-23,4,4054200,47.109
Syrian Arab Republic,SYR,EMRO,REPORTING,2022-08-23,4583601,2940095,26.191,16.8,2023735,11.564,"AstraZeneca - Vaxzevria,Beijing CNBG - BBIBP-CorV,Bharat - Covaxin,CanSino - Convidecia,Gamaleya - Gam-Covid-Vac,Gamaleya - Sputnik-Light,Janssen - Ad26.COV 2-S,Moderna - Spikevax,Pfizer BioNTech - Comirnaty,SII - Covishield,Sinovac - CoronaVac",2021-04-01,11,48647,0.278
Tajikistan,TJK,EURO,REPORTING,2022-08-21,15441380,5282863,161.9,55.39,5120562,53.688,"AstraZeneca - Vaxzevria,Gamaleya - Gam-Covid-Vac,Moderna - Spikevax,Pfizer BioNTech - Comirnaty,SII - Covishield,Sinovac - CoronaVac",2021-03-24,6,4951036,51.91
Thailand,THA,SEARO,REPORTING,2022-09-12,142233488,56966217,203.773,81.614,53416325,76.528,"AstraZeneca - Vaxzevria,Beijing CNBG - BBIBP-CorV,Janssen - Ad26.COV 2-S,Moderna - Spikevax,Pfizer BioNTech - Comirnaty,SII - Covishield,SII - Covovax,Sinovac - CoronaVac",2021-02-28,8,31850946,45.632
The United Kingdom,GBR,EURO,REPORTING,2022-08-24,151115565,53785024,222.6,79.026,50689351,74.478,"AstraZeneca - Vaxzevria,Moderna - Spikevax,Pfizer BioNTech - Comirnaty",2020-12-21,3,,
Timor-Leste,TLS,SEARO,REPORTING,2022-09-13,1797942,850221,136.368,64.487,743626,56.402,"AstraZeneca - Vaxzevria,Pfizer BioNTech - Comirnaty,SII - Covishield,Sinovac - CoronaVac",2021-04-07,4,204095,15.48
Togo,TGO,AFRO,REPORTING,2022-08-28,3274089,2159001,39.548,26.079,1430562,17.28,SII - Covishield,2021-03-10,1,130848,1.581
Tokelau,TKL,WPRO,REPORTING,2022-04-21,3326,1339,246.37,99.185,1125,83.333,Pfizer BioNTech - Comirnaty,2021-07-20,1,862,63.852
Tonga,TON,WPRO,REPORTING,2022-08-17,201685,87080,190.818,82.388,76604,72.476,"AstraZeneca - Vaxzevria,Pfizer BioNTech - Comirnaty",2021-04-14,2,37475,35.456
Trinidad and Tobago,TTO,AMRO,REPORTING,2022-09-02,1579700,753078,112.877,53.811,716407,51.191,"AstraZeneca - Vaxzevria,Beijing CNBG - BBIBP-CorV,Janssen - Ad26.COV 2-S,Pfizer BioNTech - Comirnaty,SII - Covishield",2021-02-17,5,168246,12.022
Tunisia,TUN,EMRO,REPORTING,2022-09-06,14827155,8896848,125.456,75.278,6382155,54.001,"AstraZeneca - Vaxzevria,Beijing CNBG - BBIBP-CorV,Bharat - Covaxin,CanSino - Convidecia,Gamaleya - Gam-Covid-Vac,Gamaleya - Sputnik-Light,Janssen - Ad26.COV 2-S,Moderna - Spikevax,Pfizer BioNTech - Comirnaty,Sinovac - CoronaVac",2021-03-13,10,1239330,10.486
Turkey,TUR,EURO,OWID,2022-09-07,152059687,57916105,180.3,69.648,53148374,63.915,"Pfizer BioNTech - Comirnaty, Sinovac - CoronaVac, Turkovac",,3,,
Turkmenistan,TKM,EURO,REPORTING,2022-03-06,7140000,2970000,118.4,49.244,2920000,48.415,"Anhui ZL - Zifivax,AstraZeneca - Vaxzevria,Beijing CNBG - BBIBP-CorV,Gamaleya - Gam-Covid-Vac,RIBSP - QazVac,SRCVB - EpiVacCorona,Unknown Vaccine",2021-02-24,7,1250000,20.726
Turks and Caicos Islands,TCA,AMRO,REPORTING,2022-09-02,72837,32338,188.122,83.522,30288,78.227,Pfizer BioNTech - Comirnaty,2021-01-11,1,7272,18.782
Tuvalu,TUV,WPRO,REPORTING,2022-07-21,23746,9452,201.374,80.156,9015,76.45,AstraZeneca - Vaxzevria,2021-04-13,1,5279,44.768
Uganda,UGA,AFRO,REPORTING,2022-09-04,25120036,18386089,54.918,40.196,12560355,27.46,"Janssen - Ad26.COV 2-S,Moderna - Spikevax,Pfizer BioNTech - Comirnaty,SII - Covishield,Sinovac - CoronaVac",2021-03-10,5,398627,0.871
Ukraine,UKR,EURO,REPORTING,2022-02-27,31668577,15774300,72.4,36.069,15153577,34.65,"AstraZeneca - Vaxzevria,Janssen - Ad26.COV 2-S,Moderna - Spikevax,Pfizer BioNTech - Comirnaty,SII - Covishield,Sinovac - CoronaVac",2021-02-24,6,741197,1.695
United Arab Emirates,ARE,EMRO,REPORTING,2022-07-06,24922054,9991089,251.982,101.018,9792266,99.008,"AstraZeneca - Vaxzevria,Beijing CNBG - BBIBP-CorV,Bharat - Covaxin,CanSino - Convidecia,Gamaleya - Gam-Covid-Vac,Gamaleya - Sputnik-Light,Janssen - Ad26.COV 2-S,Moderna - Spikevax,Pfizer BioNTech - Comirnaty,SII - Covishield,Sinovac - CoronaVac",,11,5138699,51.956
United Republic of Tanzania,TZA,AFRO,REPORTING,2022-09-04,23907698,19764470,40.023,33.087,17884028,29.939,"Beijing CNBG - BBIBP-CorV,Janssen - Ad26.COV 2-S,Pfizer BioNTech - Comirnaty",2021-07-28,3,,
United States of America,USA,AMRO,REPORTING,2022-09-02,601804302,267325642,181.813,80.762,221439466,66.9,"Janssen - Ad26.COV 2-S,Moderna - Spikevax,Novavax-NUVAXOVID,Pfizer BioNTech - Comirnaty",2020-12-14,4,107111030,32.36
Uruguay,URY,AMRO,REPORTING,2022-09-02,8729561,3000527,251.302,86.378,2892120,83.257,"AstraZeneca - Vaxzevria,Pfizer BioNTech - Comirnaty,Sinovac - CoronaVac",2021-02-27,3,2062048,59.361
Uzbekistan,UZB,EURO,REPORTING,2022-09-04,65334146,21051293,195.2,62.898,16495460,49.285,"Anhui ZL - Zifivax,Gamaleya - Gam-Covid-Vac,Gamaleya - Sputnik-Light,Moderna - Spikevax,Pfizer BioNTech - Comirnaty,SII - Covishield,Sinovac - CoronaVac,Unknown Vaccine",2021-04-28,8,13316693,39.788
Vanuatu,VUT,WPRO,REPORTING,2022-06-19,260304,143339,84.75,46.668,130607,42.523,"AstraZeneca - Vaxzevria,Beijing CNBG - BBIBP-CorV,Janssen - Ad26.COV 2-S",2021-06-02,3,15966,5.198
Venezuela (Bolivarian Republic of),VEN,AMRO,REPORTING,2022-09-02,37860994,22157232,133.145,77.92,14287370,50.244,"Beijing CNBG - BBIBP-CorV,CIGB - CIGB-66,Finlay - Soberana-02,Gamaleya - Gam-Covid-Vac,Gamaleya - Sputnik-Light,Sinovac - CoronaVac",2021-02-22,6,651502,2.291
Viet Nam,VNM,WPRO,REPORTING,2022-09-01,257351937,89618505,264.388,92.069,83666271,85.954,"AstraZeneca - Vaxzevria,Beijing CNBG - BBIBP-CorV,CIGB - CIGB-66,Gamaleya - Gam-Covid-Vac,Moderna - Spikevax,Pfizer BioNTech - Comirnaty",2021-03-08,6,68087543,69.949
Wallis and Futuna,WLF,WPRO,REPORTING,2022-07-26,16782,6592,149.226,58.616,6989,62.147,Moderna - Spikevax,2021-03-19,1,3201,28.463
Yemen,YEM,EMRO,REPORTING,2022-08-31,898257,730429,3.012,2.449,470491,1.577,"AstraZeneca - Vaxzevria,Beijing CNBG - BBIBP-CorV,Bharat - Covaxin,CanSino - Convidecia,Gamaleya - Gam-Covid-Vac,Gamaleya - Sputnik-Light,Janssen - Ad26.COV 2-S,Moderna - Spikevax,Pfizer BioNTech - Comirnaty,SII - Covishield,Sinovac - CoronaVac",2021-04-20,11,80,0
Zambia,ZMB,AFRO,REPORTING,2022-09-04,9015082,7876354,49.038,42.844,5682972,30.913,"Beijing CNBG - BBIBP-CorV,Janssen - Ad26.COV 2-S,SII - Covishield",2021-04-14,3,599613,3.262
Zimbabwe,ZWE,AFRO,REPORTING,2022-09-04,12287461,6443003,82.672,43.349,4797684,32.28,"Beijing CNBG - BBIBP-CorV,Bharat - Covaxin,Gamaleya - Gam-Covid-Vac,Sinovac - CoronaVac",2021-02-18,4,1046774,7.043
